"Gene.set","URL","universe.size","goi","goi.in.universe","pathway.size","no.overlap","k.over.K","pvalue","FDR","Overlapping Genes","X2","X3","X4","X5","X6","X7","X8","X9","X10","X11","X12","X13","X14","X15","X16","X17","X18","X19","X20","X21","X22","X23","X24","X25","X26","X27","X28","X29","X30","X31","X32","X33","X34","X35","X36","X37","X38","X39","X40","X41","X42","X43","X44","X45","X46"
"BIOCARTA_GABA_PATHWAY","http://www.broadinstitute.org/gsea/msigdb/cards/BIOCARTA_GABA_PATHWAY",1279,518,46,10,4,0.4,0.000263125942270643,0.0570983294727295,"GABRA5","GABRA3","GABRA4","GABRA1","","","","","","","","","","","","","","","","","","","","","","","","","","","","","","","","","","","","","","","","","",""
"BIOCARTA_RELA_PATHWAY","http://www.broadinstitute.org/gsea/msigdb/cards/BIOCARTA_RELA_PATHWAY",1279,518,46,16,0,0,1,1,"","","","","","","","","","","","","","","","","","","","","","","","","","","","","","","","","","","","","","","","","","","","","",""
"BIOCARTA_NO1_PATHWAY","http://www.broadinstitute.org/gsea/msigdb/cards/BIOCARTA_NO1_PATHWAY",1279,518,46,33,5,0.151515151515152,0.00537984847185004,1,"RYR2","CHRM1","VEGFA","PDE2A","CHRNA1","","","","","","","","","","","","","","","","","","","","","","","","","","","","","","","","","","","","","","","","",""
"BIOCARTA_CSK_PATHWAY","http://www.broadinstitute.org/gsea/msigdb/cards/BIOCARTA_CSK_PATHWAY",1279,518,46,24,0,0,1,1,"","","","","","","","","","","","","","","","","","","","","","","","","","","","","","","","","","","","","","","","","","","","","",""
"BIOCARTA_SRCRPTP_PATHWAY","http://www.broadinstitute.org/gsea/msigdb/cards/BIOCARTA_SRCRPTP_PATHWAY",1279,518,46,11,1,0.0909090909090909,0.332706024952713,1,"PRKCB","","","","","","","","","","","","","","","","","","","","","","","","","","","","","","","","","","","","","","","","","","","","",""
"BIOCARTA_AMI_PATHWAY","http://www.broadinstitute.org/gsea/msigdb/cards/BIOCARTA_AMI_PATHWAY",1279,518,46,20,0,0,1,1,"","","","","","","","","","","","","","","","","","","","","","","","","","","","","","","","","","","","","","","","","","","","","",""
"BIOCARTA_GRANULOCYTES_PATHWAY","http://www.broadinstitute.org/gsea/msigdb/cards/BIOCARTA_GRANULOCYTES_PATHWAY",1279,518,46,14,2,0.142857142857143,0.0875261914530246,1,"SELL","IL8","","","","","","","","","","","","","","","","","","","","","","","","","","","","","","","","","","","","","","","","","","","",""
"BIOCARTA_LYM_PATHWAY","http://www.broadinstitute.org/gsea/msigdb/cards/BIOCARTA_LYM_PATHWAY",1279,518,46,11,2,0.181818181818182,0.056622009111399,1,"SELL","IL8","","","","","","","","","","","","","","","","","","","","","","","","","","","","","","","","","","","","","","","","","","","",""
"BIOCARTA_ARAP_PATHWAY","http://www.broadinstitute.org/gsea/msigdb/cards/BIOCARTA_ARAP_PATHWAY",1279,518,46,18,0,0,1,1,"","","","","","","","","","","","","","","","","","","","","","","","","","","","","","","","","","","","","","","","","","","","","",""
"BIOCARTA_AGR_PATHWAY","http://www.broadinstitute.org/gsea/msigdb/cards/BIOCARTA_AGR_PATHWAY",1279,518,46,36,4,0.111111111111111,0.0371379537689136,1,"PAK3","CHRM1","NRG3","CHRNA1","","","","","","","","","","","","","","","","","","","","","","","","","","","","","","","","","","","","","","","","","",""
"BIOCARTA_AKAP95_PATHWAY","http://www.broadinstitute.org/gsea/msigdb/cards/BIOCARTA_AKAP95_PATHWAY",1279,518,46,12,0,0,1,1,"","","","","","","","","","","","","","","","","","","","","","","","","","","","","","","","","","","","","","","","","","","","","",""
"BIOCARTA_AKT_PATHWAY","http://www.broadinstitute.org/gsea/msigdb/cards/BIOCARTA_AKT_PATHWAY",1279,518,46,22,0,0,1,1,"","","","","","","","","","","","","","","","","","","","","","","","","","","","","","","","","","","","","","","","","","","","","",""
"BIOCARTA_ALK_PATHWAY","http://www.broadinstitute.org/gsea/msigdb/cards/BIOCARTA_ALK_PATHWAY",1279,518,46,37,2,0.0540540540540541,0.387686692573071,1,"NOG","BMP2","","","","","","","","","","","","","","","","","","","","","","","","","","","","","","","","","","","","","","","","","","","",""
"BIOCARTA_AT1R_PATHWAY","http://www.broadinstitute.org/gsea/msigdb/cards/BIOCARTA_AT1R_PATHWAY",1279,518,46,36,1,0.0277777777777778,0.737459316615497,1,"PRKCB","","","","","","","","","","","","","","","","","","","","","","","","","","","","","","","","","","","","","","","","","","","","",""
"BIOCARTA_ACE2_PATHWAY","http://www.broadinstitute.org/gsea/msigdb/cards/BIOCARTA_ACE2_PATHWAY",1279,518,46,13,0,0,1,1,"","","","","","","","","","","","","","","","","","","","","","","","","","","","","","","","","","","","","","","","","","","","","",""
"BIOCARTA_ASBCELL_PATHWAY","http://www.broadinstitute.org/gsea/msigdb/cards/BIOCARTA_ASBCELL_PATHWAY",1279,518,46,12,0,0,1,1,"","","","","","","","","","","","","","","","","","","","","","","","","","","","","","","","","","","","","","","","","","","","","",""
"BIOCARTA_DNAFRAGMENT_PATHWAY","http://www.broadinstitute.org/gsea/msigdb/cards/BIOCARTA_DNAFRAGMENT_PATHWAY",1279,518,46,10,0,0,1,1,"","","","","","","","","","","","","","","","","","","","","","","","","","","","","","","","","","","","","","","","","","","","","",""
"BIOCARTA_CHEMICAL_PATHWAY","http://www.broadinstitute.org/gsea/msigdb/cards/BIOCARTA_CHEMICAL_PATHWAY",1279,518,46,22,1,0.0454545454545455,0.556314174268679,1,"PRKCB","","","","","","","","","","","","","","","","","","","","","","","","","","","","","","","","","","","","","","","","","","","","",""
"BIOCARTA_SPPA_PATHWAY","http://www.broadinstitute.org/gsea/msigdb/cards/BIOCARTA_SPPA_PATHWAY",1279,518,46,22,2,0.0909090909090909,0.185843831331305,1,"PLCB1","PRKCB","","","","","","","","","","","","","","","","","","","","","","","","","","","","","","","","","","","","","","","","","","","",""
"BIOCARTA_ATM_PATHWAY","http://www.broadinstitute.org/gsea/msigdb/cards/BIOCARTA_ATM_PATHWAY",1279,518,46,20,0,0,1,1,"","","","","","","","","","","","","","","","","","","","","","","","","","","","","","","","","","","","","","","","","","","","","",""
"BIOCARTA_AGPCR_PATHWAY","http://www.broadinstitute.org/gsea/msigdb/cards/BIOCARTA_AGPCR_PATHWAY",1279,518,46,13,1,0.0769230769230769,0.380261887542666,1,"PRKCB","","","","","","","","","","","","","","","","","","","","","","","","","","","","","","","","","","","","","","","","","","","","",""
"BIOCARTA_BCELLSURVIVAL_PATHWAY","http://www.broadinstitute.org/gsea/msigdb/cards/BIOCARTA_BCELLSURVIVAL_PATHWAY",1279,518,46,16,1,0.0625,0.445441042616348,1,"BIRC5","","","","","","","","","","","","","","","","","","","","","","","","","","","","","","","","","","","","","","","","","","","","",""
"BIOCARTA_BLYMPHOCYTE_PATHWAY","http://www.broadinstitute.org/gsea/msigdb/cards/BIOCARTA_BLYMPHOCYTE_PATHWAY",1279,518,46,11,1,0.0909090909090909,0.332706024952713,1,"FCGR2B","","","","","","","","","","","","","","","","","","","","","","","","","","","","","","","","","","","","","","","","","","","","",""
"BIOCARTA_BCR_PATHWAY","http://www.broadinstitute.org/gsea/msigdb/cards/BIOCARTA_BCR_PATHWAY",1279,518,46,37,1,0.027027027027027,0.747175222838898,1,"PRKCB","","","","","","","","","","","","","","","","","","","","","","","","","","","","","","","","","","","","","","","","","","","","",""
"BIOCARTA_BIOPEPTIDES_PATHWAY","http://www.broadinstitute.org/gsea/msigdb/cards/BIOCARTA_BIOPEPTIDES_PATHWAY",1279,518,46,45,2,0.0444444444444444,0.488058088449898,1,"PRKCB","CAMK2A","","","","","","","","","","","","","","","","","","","","","","","","","","","","","","","","","","","","","","","","","","","",""
"BIOCARTA_NEUROTRANSMITTERS_PATHWAY","http://www.broadinstitute.org/gsea/msigdb/cards/BIOCARTA_NEUROTRANSMITTERS_PATHWAY",1279,518,46,6,0,0,1,1,"","","","","","","","","","","","","","","","","","","","","","","","","","","","","","","","","","","","","","","","","","","","","",""
"BIOCARTA_RANKL_PATHWAY","http://www.broadinstitute.org/gsea/msigdb/cards/BIOCARTA_RANKL_PATHWAY",1279,518,46,14,0,0,1,1,"","","","","","","","","","","","","","","","","","","","","","","","","","","","","","","","","","","","","","","","","","","","","",""
"BIOCARTA_CACAM_PATHWAY","http://www.broadinstitute.org/gsea/msigdb/cards/BIOCARTA_CACAM_PATHWAY",1279,518,46,16,2,0.125,0.110338092998641,1,"CAMK4","CAMK2A","","","","","","","","","","","","","","","","","","","","","","","","","","","","","","","","","","","","","","","","","","","",""
"BIOCARTA_CDMAC_PATHWAY","http://www.broadinstitute.org/gsea/msigdb/cards/BIOCARTA_CDMAC_PATHWAY",1279,518,46,16,2,0.125,0.110338092998641,1,"PLCB1","PRKCB","","","","","","","","","","","","","","","","","","","","","","","","","","","","","","","","","","","","","","","","","","","",""
"BIOCARTA_CARM_ER_PATHWAY","http://www.broadinstitute.org/gsea/msigdb/cards/BIOCARTA_CARM_ER_PATHWAY",1279,518,46,35,0,0,1,1,"","","","","","","","","","","","","","","","","","","","","","","","","","","","","","","","","","","","","","","","","","","","","",""
"BIOCARTA_CASPASE_PATHWAY","http://www.broadinstitute.org/gsea/msigdb/cards/BIOCARTA_CASPASE_PATHWAY",1279,518,46,23,0,0,1,1,"","","","","","","","","","","","","","","","","","","","","","","","","","","","","","","","","","","","","","","","","","","","","",""
"BIOCARTA_CBL_PATHWAY","http://www.broadinstitute.org/gsea/msigdb/cards/BIOCARTA_CBL_PATHWAY",1279,518,46,13,1,0.0769230769230769,0.380261887542666,1,"PRKCB","","","","","","","","","","","","","","","","","","","","","","","","","","","","","","","","","","","","","","","","","","","","",""
"BIOCARTA_CCR3_PATHWAY","http://www.broadinstitute.org/gsea/msigdb/cards/BIOCARTA_CCR3_PATHWAY",1279,518,46,23,2,0.0869565217391304,0.199106492772977,1,"PLCB1","PRKCB","","","","","","","","","","","","","","","","","","","","","","","","","","","","","","","","","","","","","","","","","","","",""
"BIOCARTA_CD40_PATHWAY","http://www.broadinstitute.org/gsea/msigdb/cards/BIOCARTA_CD40_PATHWAY",1279,518,46,15,0,0,1,1,"","","","","","","","","","","","","","","","","","","","","","","","","","","","","","","","","","","","","","","","","","","","","",""
"BIOCARTA_MCM_PATHWAY","http://www.broadinstitute.org/gsea/msigdb/cards/BIOCARTA_MCM_PATHWAY",1279,518,46,18,0,0,1,1,"","","","","","","","","","","","","","","","","","","","","","","","","","","","","","","","","","","","","","","","","","","","","",""
"BIOCARTA_G1_PATHWAY","http://www.broadinstitute.org/gsea/msigdb/cards/BIOCARTA_G1_PATHWAY",1279,518,46,28,1,0.0357142857142857,0.645406065974753,1,"CDK4","","","","","","","","","","","","","","","","","","","","","","","","","","","","","","","","","","","","","","","","","","","","",""
"BIOCARTA_G2_PATHWAY","http://www.broadinstitute.org/gsea/msigdb/cards/BIOCARTA_G2_PATHWAY",1279,518,46,24,0,0,1,1,"","","","","","","","","","","","","","","","","","","","","","","","","","","","","","","","","","","","","","","","","","","","","",""
"BIOCARTA_CELL2CELL_PATHWAY","http://www.broadinstitute.org/gsea/msigdb/cards/BIOCARTA_CELL2CELL_PATHWAY",1279,518,46,14,0,0,1,1,"","","","","","","","","","","","","","","","","","","","","","","","","","","","","","","","","","","","","","","","","","","","","",""
"BIOCARTA_LAIR_PATHWAY","http://www.broadinstitute.org/gsea/msigdb/cards/BIOCARTA_LAIR_PATHWAY",1279,518,46,17,1,0.0588235294117647,0.46563875602858,1,"IL8","","","","","","","","","","","","","","","","","","","","","","","","","","","","","","","","","","","","","","","","","","","","",""
"BIOCARTA_CERAMIDE_PATHWAY","http://www.broadinstitute.org/gsea/msigdb/cards/BIOCARTA_CERAMIDE_PATHWAY",1279,518,46,22,0,0,1,1,"","","","","","","","","","","","","","","","","","","","","","","","","","","","","","","","","","","","","","","","","","","","","",""
"BIOCARTA_TID_PATHWAY","http://www.broadinstitute.org/gsea/msigdb/cards/BIOCARTA_TID_PATHWAY",1279,518,46,19,1,0.0526315789473684,0.503898701698816,1,"USH1C","","","","","","","","","","","","","","","","","","","","","","","","","","","","","","","","","","","","","","","","","","","","",""
"BIOCARTA_CLASSIC_PATHWAY","http://www.broadinstitute.org/gsea/msigdb/cards/BIOCARTA_CLASSIC_PATHWAY",1279,518,46,14,0,0,1,1,"","","","","","","","","","","","","","","","","","","","","","","","","","","","","","","","","","","","","","","","","","","","","",""
"BIOCARTA_COMP_PATHWAY","http://www.broadinstitute.org/gsea/msigdb/cards/BIOCARTA_COMP_PATHWAY",1279,518,46,19,0,0,1,1,"","","","","","","","","","","","","","","","","","","","","","","","","","","","","","","","","","","","","","","","","","","","","",""
"BIOCARTA_VDR_PATHWAY","http://www.broadinstitute.org/gsea/msigdb/cards/BIOCARTA_VDR_PATHWAY",1279,518,46,12,0,0,1,1,"","","","","","","","","","","","","","","","","","","","","","","","","","","","","","","","","","","","","","","","","","","","","",""
"BIOCARTA_HDAC_PATHWAY","http://www.broadinstitute.org/gsea/msigdb/cards/BIOCARTA_HDAC_PATHWAY",1279,518,46,32,0,0,1,1,"","","","","","","","","","","","","","","","","","","","","","","","","","","","","","","","","","","","","","","","","","","","","",""
"BIOCARTA_GCR_PATHWAY","http://www.broadinstitute.org/gsea/msigdb/cards/BIOCARTA_GCR_PATHWAY",1279,518,46,22,0,0,1,1,"","","","","","","","","","","","","","","","","","","","","","","","","","","","","","","","","","","","","","","","","","","","","",""
"BIOCARTA_CTCF_PATHWAY","http://www.broadinstitute.org/gsea/msigdb/cards/BIOCARTA_CTCF_PATHWAY",1279,518,46,23,0,0,1,1,"","","","","","","","","","","","","","","","","","","","","","","","","","","","","","","","","","","","","","","","","","","","","",""
"BIOCARTA_CTL_PATHWAY","http://www.broadinstitute.org/gsea/msigdb/cards/BIOCARTA_CTL_PATHWAY",1279,518,46,15,0,0,1,1,"","","","","","","","","","","","","","","","","","","","","","","","","","","","","","","","","","","","","","","","","","","","","",""
"BIOCARTA_CXCR4_PATHWAY","http://www.broadinstitute.org/gsea/msigdb/cards/BIOCARTA_CXCR4_PATHWAY",1279,518,46,24,1,0.0416666666666667,0.588205870499495,1,"PRKCB","","","","","","","","","","","","","","","","","","","","","","","","","","","","","","","","","","","","","","","","","","","","",""
"BIOCARTA_CELLCYCLE_PATHWAY","http://www.broadinstitute.org/gsea/msigdb/cards/BIOCARTA_CELLCYCLE_PATHWAY",1279,518,46,23,1,0.0434782608695652,0.572550887063938,1,"CDK4","","","","","","","","","","","","","","","","","","","","","","","","","","","","","","","","","","","","","","","","","","","","",""
"BIOCARTA_CFTR_PATHWAY","http://www.broadinstitute.org/gsea/msigdb/cards/BIOCARTA_CFTR_PATHWAY",1279,518,46,12,0,0,1,1,"","","","","","","","","","","","","","","","","","","","","","","","","","","","","","","","","","","","","","","","","","","","","",""
"BIOCARTA_CYTOKINE_PATHWAY","http://www.broadinstitute.org/gsea/msigdb/cards/BIOCARTA_CYTOKINE_PATHWAY",1279,518,46,22,1,0.0454545454545455,0.556314174268679,1,"IL8","","","","","","","","","","","","","","","","","","","","","","","","","","","","","","","","","","","","","","","","","","","","",""
"BIOCARTA_INFLAM_PATHWAY","http://www.broadinstitute.org/gsea/msigdb/cards/BIOCARTA_INFLAM_PATHWAY",1279,518,46,29,1,0.0344827586206897,0.658444691846185,1,"IL8","","","","","","","","","","","","","","","","","","","","","","","","","","","","","","","","","","","","","","","","","","","","",""
"BIOCARTA_D4GDI_PATHWAY","http://www.broadinstitute.org/gsea/msigdb/cards/BIOCARTA_D4GDI_PATHWAY",1279,518,46,13,0,0,1,1,"","","","","","","","","","","","","","","","","","","","","","","","","","","","","","","","","","","","","","","","","","","","","",""
"BIOCARTA_DC_PATHWAY","http://www.broadinstitute.org/gsea/msigdb/cards/BIOCARTA_DC_PATHWAY",1279,518,46,22,0,0,1,1,"","","","","","","","","","","","","","","","","","","","","","","","","","","","","","","","","","","","","","","","","","","","","",""
"BIOCARTA_P35ALZHEIMERS_PATHWAY","http://www.broadinstitute.org/gsea/msigdb/cards/BIOCARTA_P35ALZHEIMERS_PATHWAY",1279,518,46,11,0,0,1,1,"","","","","","","","","","","","","","","","","","","","","","","","","","","","","","","","","","","","","","","","","","","","","",""
"BIOCARTA_RNA_PATHWAY","http://www.broadinstitute.org/gsea/msigdb/cards/BIOCARTA_RNA_PATHWAY",1279,518,46,10,0,0,1,1,"","","","","","","","","","","","","","","","","","","","","","","","","","","","","","","","","","","","","","","","","","","","","",""
"BIOCARTA_MTA3_PATHWAY","http://www.broadinstitute.org/gsea/msigdb/cards/BIOCARTA_MTA3_PATHWAY",1279,518,46,19,0,0,1,1,"","","","","","","","","","","","","","","","","","","","","","","","","","","","","","","","","","","","","","","","","","","","","",""
"BIOCARTA_SKP2E2F_PATHWAY","http://www.broadinstitute.org/gsea/msigdb/cards/BIOCARTA_SKP2E2F_PATHWAY",1279,518,46,10,0,0,1,1,"","","","","","","","","","","","","","","","","","","","","","","","","","","","","","","","","","","","","","","","","","","","","",""
"BIOCARTA_CALCINEURIN_PATHWAY","http://www.broadinstitute.org/gsea/msigdb/cards/BIOCARTA_CALCINEURIN_PATHWAY",1279,518,46,21,1,0.0476190476190476,0.539474613226071,1,"PRKCB","","","","","","","","","","","","","","","","","","","","","","","","","","","","","","","","","","","","","","","","","","","","",""
"BIOCARTA_EGF_PATHWAY","http://www.broadinstitute.org/gsea/msigdb/cards/BIOCARTA_EGF_PATHWAY",1279,518,46,31,1,0.032258064516129,0.683130307770259,1,"PRKCB","","","","","","","","","","","","","","","","","","","","","","","","","","","","","","","","","","","","","","","","","","","","",""
"BIOCARTA_ETC_PATHWAY","http://www.broadinstitute.org/gsea/msigdb/cards/BIOCARTA_ETC_PATHWAY",1279,518,46,12,0,0,1,1,"","","","","","","","","","","","","","","","","","","","","","","","","","","","","","","","","","","","","","","","","","","","","",""
"BIOCARTA_NDKDYNAMIN_PATHWAY","http://www.broadinstitute.org/gsea/msigdb/cards/BIOCARTA_NDKDYNAMIN_PATHWAY",1279,518,46,21,0,0,1,1,"","","","","","","","","","","","","","","","","","","","","","","","","","","","","","","","","","","","","","","","","","","","","",""
"BIOCARTA_EPHA4_PATHWAY","http://www.broadinstitute.org/gsea/msigdb/cards/BIOCARTA_EPHA4_PATHWAY",1279,518,46,10,1,0.1,0.307607478058048,1,"L1CAM","","","","","","","","","","","","","","","","","","","","","","","","","","","","","","","","","","","","","","","","","","","","",""
"BIOCARTA_EPO_PATHWAY","http://www.broadinstitute.org/gsea/msigdb/cards/BIOCARTA_EPO_PATHWAY",1279,518,46,19,0,0,1,1,"","","","","","","","","","","","","","","","","","","","","","","","","","","","","","","","","","","","","","","","","","","","","",""
"BIOCARTA_ECM_PATHWAY","http://www.broadinstitute.org/gsea/msigdb/cards/BIOCARTA_ECM_PATHWAY",1279,518,46,24,0,0,1,1,"","","","","","","","","","","","","","","","","","","","","","","","","","","","","","","","","","","","","","","","","","","","","",""
"BIOCARTA_ERK_PATHWAY","http://www.broadinstitute.org/gsea/msigdb/cards/BIOCARTA_ERK_PATHWAY",1279,518,46,28,0,0,1,1,"","","","","","","","","","","","","","","","","","","","","","","","","","","","","","","","","","","","","","","","","","","","","",""
"BIOCARTA_ERYTH_PATHWAY","http://www.broadinstitute.org/gsea/msigdb/cards/BIOCARTA_ERYTH_PATHWAY",1279,518,46,15,0,0,1,1,"","","","","","","","","","","","","","","","","","","","","","","","","","","","","","","","","","","","","","","","","","","","","",""
"BIOCARTA_EPONFKB_PATHWAY","http://www.broadinstitute.org/gsea/msigdb/cards/BIOCARTA_EPONFKB_PATHWAY",1279,518,46,11,1,0.0909090909090909,0.332706024952713,1,"GRIN1","","","","","","","","","","","","","","","","","","","","","","","","","","","","","","","","","","","","","","","","","","","","",""
"BIOCARTA_EIF_PATHWAY","http://www.broadinstitute.org/gsea/msigdb/cards/BIOCARTA_EIF_PATHWAY",1279,518,46,16,0,0,1,1,"","","","","","","","","","","","","","","","","","","","","","","","","","","","","","","","","","","","","","","","","","","","","",""
"BIOCARTA_EXTRINSIC_PATHWAY","http://www.broadinstitute.org/gsea/msigdb/cards/BIOCARTA_EXTRINSIC_PATHWAY",1279,518,46,13,1,0.0769230769230769,0.380261887542666,1,"F5","","","","","","","","","","","","","","","","","","","","","","","","","","","","","","","","","","","","","","","","","","","","",""
"BIOCARTA_FAS_PATHWAY","http://www.broadinstitute.org/gsea/msigdb/cards/BIOCARTA_FAS_PATHWAY",1279,518,46,30,0,0,1,1,"","","","","","","","","","","","","","","","","","","","","","","","","","","","","","","","","","","","","","","","","","","","","",""
"BIOCARTA_FCER1_PATHWAY","http://www.broadinstitute.org/gsea/msigdb/cards/BIOCARTA_FCER1_PATHWAY",1279,518,46,41,1,0.024390243902439,0.782641254103954,1,"PRKCB","","","","","","","","","","","","","","","","","","","","","","","","","","","","","","","","","","","","","","","","","","","","",""
"BIOCARTA_FEEDER_PATHWAY","http://www.broadinstitute.org/gsea/msigdb/cards/BIOCARTA_FEEDER_PATHWAY",1279,518,46,9,0,0,1,1,"","","","","","","","","","","","","","","","","","","","","","","","","","","","","","","","","","","","","","","","","","","","","",""
"BIOCARTA_FIBRINOLYSIS_PATHWAY","http://www.broadinstitute.org/gsea/msigdb/cards/BIOCARTA_FIBRINOLYSIS_PATHWAY",1279,518,46,12,2,0.166666666666667,0.066419943427534,1,"F13A1","SERPINE1","","","","","","","","","","","","","","","","","","","","","","","","","","","","","","","","","","","","","","","","","","","",""
"BIOCARTA_FMLP_PATHWAY","http://www.broadinstitute.org/gsea/msigdb/cards/BIOCARTA_FMLP_PATHWAY",1279,518,46,39,1,0.0256410256410256,0.765563439687366,1,"PLCB1","","","","","","","","","","","","","","","","","","","","","","","","","","","","","","","","","","","","","","","","","","","","",""
"BIOCARTA_FREE_PATHWAY","http://www.broadinstitute.org/gsea/msigdb/cards/BIOCARTA_FREE_PATHWAY",1279,518,46,10,1,0.1,0.307607478058048,1,"IL8","","","","","","","","","","","","","","","","","","","","","","","","","","","","","","","","","","","","","","","","","","","","",""
"BIOCARTA_GATA3_PATHWAY","http://www.broadinstitute.org/gsea/msigdb/cards/BIOCARTA_GATA3_PATHWAY",1279,518,46,16,0,0,1,1,"","","","","","","","","","","","","","","","","","","","","","","","","","","","","","","","","","","","","","","","","","","","","",""
"BIOCARTA_GLYCOLYSIS_PATHWAY","http://www.broadinstitute.org/gsea/msigdb/cards/BIOCARTA_GLYCOLYSIS_PATHWAY",1279,518,46,10,0,0,1,1,"","","","","","","","","","","","","","","","","","","","","","","","","","","","","","","","","","","","","","","","","","","","","",""
"BIOCARTA_SET_PATHWAY","http://www.broadinstitute.org/gsea/msigdb/cards/BIOCARTA_SET_PATHWAY",1279,518,46,11,0,0,1,1,"","","","","","","","","","","","","","","","","","","","","","","","","","","","","","","","","","","","","","","","","","","","","",""
"BIOCARTA_GH_PATHWAY","http://www.broadinstitute.org/gsea/msigdb/cards/BIOCARTA_GH_PATHWAY",1279,518,46,28,1,0.0357142857142857,0.645406065974753,1,"PRKCB","","","","","","","","","","","","","","","","","","","","","","","","","","","","","","","","","","","","","","","","","","","","",""
"BIOCARTA_AHSP_PATHWAY","http://www.broadinstitute.org/gsea/msigdb/cards/BIOCARTA_AHSP_PATHWAY",1279,518,46,13,0,0,1,1,"","","","","","","","","","","","","","","","","","","","","","","","","","","","","","","","","","","","","","","","","","","","","",""
"BIOCARTA_TCAPOPTOSIS_PATHWAY","http://www.broadinstitute.org/gsea/msigdb/cards/BIOCARTA_TCAPOPTOSIS_PATHWAY",1279,518,46,11,0,0,1,1,"","","","","","","","","","","","","","","","","","","","","","","","","","","","","","","","","","","","","","","","","","","","","",""
"BIOCARTA_HIVNEF_PATHWAY","http://www.broadinstitute.org/gsea/msigdb/cards/BIOCARTA_HIVNEF_PATHWAY",1279,518,46,58,0,0,1,1,"","","","","","","","","","","","","","","","","","","","","","","","","","","","","","","","","","","","","","","","","","","","","",""
"BIOCARTA_SALMONELLA_PATHWAY","http://www.broadinstitute.org/gsea/msigdb/cards/BIOCARTA_SALMONELLA_PATHWAY",1279,518,46,13,0,0,1,1,"","","","","","","","","","","","","","","","","","","","","","","","","","","","","","","","","","","","","","","","","","","","","",""
"BIOCARTA_MPR_PATHWAY","http://www.broadinstitute.org/gsea/msigdb/cards/BIOCARTA_MPR_PATHWAY",1279,518,46,34,0,0,1,1,"","","","","","","","","","","","","","","","","","","","","","","","","","","","","","","","","","","","","","","","","","","","","",""
"BIOCARTA_HCMV_PATHWAY","http://www.broadinstitute.org/gsea/msigdb/cards/BIOCARTA_HCMV_PATHWAY",1279,518,46,17,0,0,1,1,"","","","","","","","","","","","","","","","","","","","","","","","","","","","","","","","","","","","","","","","","","","","","",""
"BIOCARTA_P53HYPOXIA_PATHWAY","http://www.broadinstitute.org/gsea/msigdb/cards/BIOCARTA_P53HYPOXIA_PATHWAY",1279,518,46,23,1,0.0434782608695652,0.572550887063938,1,"IGFBP3","","","","","","","","","","","","","","","","","","","","","","","","","","","","","","","","","","","","","","","","","","","","",""
"BIOCARTA_HIF_PATHWAY","http://www.broadinstitute.org/gsea/msigdb/cards/BIOCARTA_HIF_PATHWAY",1279,518,46,15,1,0.0666666666666667,0.424497108265242,1,"VEGFA","","","","","","","","","","","","","","","","","","","","","","","","","","","","","","","","","","","","","","","","","","","","",""
"BIOCARTA_IGF1_PATHWAY","http://www.broadinstitute.org/gsea/msigdb/cards/BIOCARTA_IGF1_PATHWAY",1279,518,46,21,0,0,1,1,"","","","","","","","","","","","","","","","","","","","","","","","","","","","","","","","","","","","","","","","","","","","","",""
"BIOCARTA_IL17_PATHWAY","http://www.broadinstitute.org/gsea/msigdb/cards/BIOCARTA_IL17_PATHWAY",1279,518,46,17,1,0.0588235294117647,0.46563875602858,1,"IL8","","","","","","","","","","","","","","","","","","","","","","","","","","","","","","","","","","","","","","","","","","","","",""
"BIOCARTA_IL2_PATHWAY","http://www.broadinstitute.org/gsea/msigdb/cards/BIOCARTA_IL2_PATHWAY",1279,518,46,22,0,0,1,1,"","","","","","","","","","","","","","","","","","","","","","","","","","","","","","","","","","","","","","","","","","","","","",""
"BIOCARTA_IL3_PATHWAY","http://www.broadinstitute.org/gsea/msigdb/cards/BIOCARTA_IL3_PATHWAY",1279,518,46,15,0,0,1,1,"","","","","","","","","","","","","","","","","","","","","","","","","","","","","","","","","","","","","","","","","","","","","",""
"BIOCARTA_IL4_PATHWAY","http://www.broadinstitute.org/gsea/msigdb/cards/BIOCARTA_IL4_PATHWAY",1279,518,46,11,0,0,1,1,"","","","","","","","","","","","","","","","","","","","","","","","","","","","","","","","","","","","","","","","","","","","","",""
"BIOCARTA_IL5_PATHWAY","http://www.broadinstitute.org/gsea/msigdb/cards/BIOCARTA_IL5_PATHWAY",1279,518,46,10,0,0,1,1,"","","","","","","","","","","","","","","","","","","","","","","","","","","","","","","","","","","","","","","","","","","","","",""
"BIOCARTA_IL6_PATHWAY","http://www.broadinstitute.org/gsea/msigdb/cards/BIOCARTA_IL6_PATHWAY",1279,518,46,22,0,0,1,1,"","","","","","","","","","","","","","","","","","","","","","","","","","","","","","","","","","","","","","","","","","","","","",""
"BIOCARTA_IL10_PATHWAY","http://www.broadinstitute.org/gsea/msigdb/cards/BIOCARTA_IL10_PATHWAY",1279,518,46,17,0,0,1,1,"","","","","","","","","","","","","","","","","","","","","","","","","","","","","","","","","","","","","","","","","","","","","",""
"BIOCARTA_IL12_PATHWAY","http://www.broadinstitute.org/gsea/msigdb/cards/BIOCARTA_IL12_PATHWAY",1279,518,46,23,0,0,1,1,"","","","","","","","","","","","","","","","","","","","","","","","","","","","","","","","","","","","","","","","","","","","","",""
"BIOCARTA_IL2RB_PATHWAY","http://www.broadinstitute.org/gsea/msigdb/cards/BIOCARTA_IL2RB_PATHWAY",1279,518,46,38,0,0,1,1,"","","","","","","","","","","","","","","","","","","","","","","","","","","","","","","","","","","","","","","","","","","","","",""
"BIOCARTA_IL22BP_PATHWAY","http://www.broadinstitute.org/gsea/msigdb/cards/BIOCARTA_IL22BP_PATHWAY",1279,518,46,16,0,0,1,1,"","","","","","","","","","","","","","","","","","","","","","","","","","","","","","","","","","","","","","","","","","","","","",""
"BIOCARTA_IL7_PATHWAY","http://www.broadinstitute.org/gsea/msigdb/cards/BIOCARTA_IL7_PATHWAY",1279,518,46,17,0,0,1,1,"","","","","","","","","","","","","","","","","","","","","","","","","","","","","","","","","","","","","","","","","","","","","",""
"BIOCARTA_GSK3_PATHWAY","http://www.broadinstitute.org/gsea/msigdb/cards/BIOCARTA_GSK3_PATHWAY",1279,518,46,27,0,0,1,1,"","","","","","","","","","","","","","","","","","","","","","","","","","","","","","","","","","","","","","","","","","","","","",""
"BIOCARTA_DEATH_PATHWAY","http://www.broadinstitute.org/gsea/msigdb/cards/BIOCARTA_DEATH_PATHWAY",1279,518,46,33,0,0,1,1,"","","","","","","","","","","","","","","","","","","","","","","","","","","","","","","","","","","","","","","","","","","","","",""
"BIOCARTA_RACCYCD_PATHWAY","http://www.broadinstitute.org/gsea/msigdb/cards/BIOCARTA_RACCYCD_PATHWAY",1279,518,46,26,1,0.0384615384615385,0.617851531100566,1,"CDK4","","","","","","","","","","","","","","","","","","","","","","","","","","","","","","","","","","","","","","","","","","","","",""
"BIOCARTA_GLEEVEC_PATHWAY","http://www.broadinstitute.org/gsea/msigdb/cards/BIOCARTA_GLEEVEC_PATHWAY",1279,518,46,23,0,0,1,1,"","","","","","","","","","","","","","","","","","","","","","","","","","","","","","","","","","","","","","","","","","","","","",""
"BIOCARTA_INSULIN_PATHWAY","http://www.broadinstitute.org/gsea/msigdb/cards/BIOCARTA_INSULIN_PATHWAY",1279,518,46,22,0,0,1,1,"","","","","","","","","","","","","","","","","","","","","","","","","","","","","","","","","","","","","","","","","","","","","",""
"BIOCARTA_INTEGRIN_PATHWAY","http://www.broadinstitute.org/gsea/msigdb/cards/BIOCARTA_INTEGRIN_PATHWAY",1279,518,46,38,0,0,1,1,"","","","","","","","","","","","","","","","","","","","","","","","","","","","","","","","","","","","","","","","","","","","","",""
"BIOCARTA_INTRINSIC_PATHWAY","http://www.broadinstitute.org/gsea/msigdb/cards/BIOCARTA_INTRINSIC_PATHWAY",1279,518,46,23,1,0.0434782608695652,0.572550887063938,1,"F5","","","","","","","","","","","","","","","","","","","","","","","","","","","","","","","","","","","","","","","","","","","","",""
"BIOCARTA_KERATINOCYTE_PATHWAY","http://www.broadinstitute.org/gsea/msigdb/cards/BIOCARTA_KERATINOCYTE_PATHWAY",1279,518,46,46,2,0.0434782608695652,0.499915885822611,1,"PRKCB","PRKCG","","","","","","","","","","","","","","","","","","","","","","","","","","","","","","","","","","","","","","","","","","","",""
"BIOCARTA_TCRA_PATHWAY","http://www.broadinstitute.org/gsea/msigdb/cards/BIOCARTA_TCRA_PATHWAY",1279,518,46,13,0,0,1,1,"","","","","","","","","","","","","","","","","","","","","","","","","","","","","","","","","","","","","","","","","","","","","",""
"BIOCARTA_LECTIN_PATHWAY","http://www.broadinstitute.org/gsea/msigdb/cards/BIOCARTA_LECTIN_PATHWAY",1279,518,46,12,0,0,1,1,"","","","","","","","","","","","","","","","","","","","","","","","","","","","","","","","","","","","","","","","","","","","","",""
"BIOCARTA_PYK2_PATHWAY","http://www.broadinstitute.org/gsea/msigdb/cards/BIOCARTA_PYK2_PATHWAY",1279,518,46,31,1,0.032258064516129,0.683130307770259,1,"PRKCB","","","","","","","","","","","","","","","","","","","","","","","","","","","","","","","","","","","","","","","","","","","","",""
"BIOCARTA_EGFR_SMRTE_PATHWAY","http://www.broadinstitute.org/gsea/msigdb/cards/BIOCARTA_EGFR_SMRTE_PATHWAY",1279,518,46,11,1,0.0909090909090909,0.332706024952713,1,"ZBTB16","","","","","","","","","","","","","","","","","","","","","","","","","","","","","","","","","","","","","","","","","","","","",""
"BIOCARTA_MAPK_PATHWAY","http://www.broadinstitute.org/gsea/msigdb/cards/BIOCARTA_MAPK_PATHWAY",1279,518,46,87,0,0,1,1,"","","","","","","","","","","","","","","","","","","","","","","","","","","","","","","","","","","","","","","","","","","","","",""
"BIOCARTA_MCALPAIN_PATHWAY","http://www.broadinstitute.org/gsea/msigdb/cards/BIOCARTA_MCALPAIN_PATHWAY",1279,518,46,25,0,0,1,1,"","","","","","","","","","","","","","","","","","","","","","","","","","","","","","","","","","","","","","","","","","","","","",""
"BIOCARTA_PPARA_PATHWAY","http://www.broadinstitute.org/gsea/msigdb/cards/BIOCARTA_PPARA_PATHWAY",1279,518,46,58,2,0.0344827586206897,0.628344482866368,1,"PRKCB","NOS2","","","","","","","","","","","","","","","","","","","","","","","","","","","","","","","","","","","","","","","","","","","",""
"BIOCARTA_ETS_PATHWAY","http://www.broadinstitute.org/gsea/msigdb/cards/BIOCARTA_ETS_PATHWAY",1279,518,46,18,0,0,1,1,"","","","","","","","","","","","","","","","","","","","","","","","","","","","","","","","","","","","","","","","","","","","","",""
"BIOCARTA_MONOCYTE_PATHWAY","http://www.broadinstitute.org/gsea/msigdb/cards/BIOCARTA_MONOCYTE_PATHWAY",1279,518,46,11,1,0.0909090909090909,0.332706024952713,1,"SELL","","","","","","","","","","","","","","","","","","","","","","","","","","","","","","","","","","","","","","","","","","","","",""
"BIOCARTA_MTOR_PATHWAY","http://www.broadinstitute.org/gsea/msigdb/cards/BIOCARTA_MTOR_PATHWAY",1279,518,46,23,0,0,1,1,"","","","","","","","","","","","","","","","","","","","","","","","","","","","","","","","","","","","","","","","","","","","","",""
"BIOCARTA_IGF1R_PATHWAY","http://www.broadinstitute.org/gsea/msigdb/cards/BIOCARTA_IGF1R_PATHWAY",1279,518,46,23,0,0,1,1,"","","","","","","","","","","","","","","","","","","","","","","","","","","","","","","","","","","","","","","","","","","","","",""
"BIOCARTA_PITX2_PATHWAY","http://www.broadinstitute.org/gsea/msigdb/cards/BIOCARTA_PITX2_PATHWAY",1279,518,46,15,0,0,1,1,"","","","","","","","","","","","","","","","","","","","","","","","","","","","","","","","","","","","","","","","","","","","","",""
"BIOCARTA_NGF_PATHWAY","http://www.broadinstitute.org/gsea/msigdb/cards/BIOCARTA_NGF_PATHWAY",1279,518,46,18,0,0,1,1,"","","","","","","","","","","","","","","","","","","","","","","","","","","","","","","","","","","","","","","","","","","","","",""
"BIOCARTA_VIP_PATHWAY","http://www.broadinstitute.org/gsea/msigdb/cards/BIOCARTA_VIP_PATHWAY",1279,518,46,29,1,0.0344827586206897,0.658444691846185,1,"VIPR2","","","","","","","","","","","","","","","","","","","","","","","","","","","","","","","","","","","","","","","","","","","","",""
"BIOCARTA_NFAT_PATHWAY","http://www.broadinstitute.org/gsea/msigdb/cards/BIOCARTA_NFAT_PATHWAY",1279,518,46,56,2,0.0357142857142857,0.608774293843525,1,"CAMK4","LIF","","","","","","","","","","","","","","","","","","","","","","","","","","","","","","","","","","","","","","","","","","","",""
"BIOCARTA_NTHI_PATHWAY","http://www.broadinstitute.org/gsea/msigdb/cards/BIOCARTA_NTHI_PATHWAY",1279,518,46,24,1,0.0416666666666667,0.588205870499495,1,"IL8","","","","","","","","","","","","","","","","","","","","","","","","","","","","","","","","","","","","","","","","","","","","",""
"BIOCARTA_NFKB_PATHWAY","http://www.broadinstitute.org/gsea/msigdb/cards/BIOCARTA_NFKB_PATHWAY",1279,518,46,23,0,0,1,1,"","","","","","","","","","","","","","","","","","","","","","","","","","","","","","","","","","","","","","","","","","","","","",""
"BIOCARTA_NOS1_PATHWAY","http://www.broadinstitute.org/gsea/msigdb/cards/BIOCARTA_NOS1_PATHWAY",1279,518,46,24,4,0.166666666666667,0.00918433617272678,1,"GRIN1","GRIN2A","GRIN2C","PRKCB","","","","","","","","","","","","","","","","","","","","","","","","","","","","","","","","","","","","","","","","","",""
"BIOCARTA_NO2IL12_PATHWAY","http://www.broadinstitute.org/gsea/msigdb/cards/BIOCARTA_NO2IL12_PATHWAY",1279,518,46,17,1,0.0588235294117647,0.46563875602858,1,"NOS2","","","","","","","","","","","","","","","","","","","","","","","","","","","","","","","","","","","","","","","","","","","","",""
"BIOCARTA_RARRXR_PATHWAY","http://www.broadinstitute.org/gsea/msigdb/cards/BIOCARTA_RARRXR_PATHWAY",1279,518,46,15,0,0,1,1,"","","","","","","","","","","","","","","","","","","","","","","","","","","","","","","","","","","","","","","","","","","","","",""
"BIOCARTA_NUCLEARRS_PATHWAY","http://www.broadinstitute.org/gsea/msigdb/cards/BIOCARTA_NUCLEARRS_PATHWAY",1279,518,46,15,1,0.0666666666666667,0.424497108265242,1,"ABCC3","","","","","","","","","","","","","","","","","","","","","","","","","","","","","","","","","","","","","","","","","","","","",""
"BIOCARTA_ARENRF2_PATHWAY","http://www.broadinstitute.org/gsea/msigdb/cards/BIOCARTA_ARENRF2_PATHWAY",1279,518,46,13,1,0.0769230769230769,0.380261887542666,1,"PRKCB","","","","","","","","","","","","","","","","","","","","","","","","","","","","","","","","","","","","","","","","","","","","",""
"BIOCARTA_P38MAPK_PATHWAY","http://www.broadinstitute.org/gsea/msigdb/cards/BIOCARTA_P38MAPK_PATHWAY",1279,518,46,40,0,0,1,1,"","","","","","","","","","","","","","","","","","","","","","","","","","","","","","","","","","","","","","","","","","","","","",""
"BIOCARTA_P53_PATHWAY","http://www.broadinstitute.org/gsea/msigdb/cards/BIOCARTA_P53_PATHWAY",1279,518,46,16,1,0.0625,0.445441042616348,1,"CDK4","","","","","","","","","","","","","","","","","","","","","","","","","","","","","","","","","","","","","","","","","","","","",""
"BIOCARTA_PDGF_PATHWAY","http://www.broadinstitute.org/gsea/msigdb/cards/BIOCARTA_PDGF_PATHWAY",1279,518,46,32,1,0.03125,0.694809799631291,1,"PRKCB","","","","","","","","","","","","","","","","","","","","","","","","","","","","","","","","","","","","","","","","","","","","",""
"BIOCARTA_CCR5_PATHWAY","http://www.broadinstitute.org/gsea/msigdb/cards/BIOCARTA_CCR5_PATHWAY",1279,518,46,20,1,0.05,0.5220103363987,1,"PRKCB","","","","","","","","","","","","","","","","","","","","","","","","","","","","","","","","","","","","","","","","","","","","",""
"BIOCARTA_PTDINS_PATHWAY","http://www.broadinstitute.org/gsea/msigdb/cards/BIOCARTA_PTDINS_PATHWAY",1279,518,46,23,0,0,1,1,"","","","","","","","","","","","","","","","","","","","","","","","","","","","","","","","","","","","","","","","","","","","","",""
"BIOCARTA_PLCE_PATHWAY","http://www.broadinstitute.org/gsea/msigdb/cards/BIOCARTA_PLCE_PATHWAY",1279,518,46,12,0,0,1,1,"","","","","","","","","","","","","","","","","","","","","","","","","","","","","","","","","","","","","","","","","","","","","",""
"BIOCARTA_EDG1_PATHWAY","http://www.broadinstitute.org/gsea/msigdb/cards/BIOCARTA_EDG1_PATHWAY",1279,518,46,27,3,0.111111111111111,0.0696483497535737,1,"PLCB1","PRKCB","SPHKAP","","","","","","","","","","","","","","","","","","","","","","","","","","","","","","","","","","","","","","","","","","",""
"BIOCARTA_CDK5_PATHWAY","http://www.broadinstitute.org/gsea/msigdb/cards/BIOCARTA_CDK5_PATHWAY",1279,518,46,11,0,0,1,1,"","","","","","","","","","","","","","","","","","","","","","","","","","","","","","","","","","","","","","","","","","","","","",""
"BIOCARTA_MYOSIN_PATHWAY","http://www.broadinstitute.org/gsea/msigdb/cards/BIOCARTA_MYOSIN_PATHWAY",1279,518,46,31,2,0.0645161290322581,0.307522509665844,1,"PLCB1","PRKCB","","","","","","","","","","","","","","","","","","","","","","","","","","","","","","","","","","","","","","","","","","","",""
"BIOCARTA_PLATELETAPP_PATHWAY","http://www.broadinstitute.org/gsea/msigdb/cards/BIOCARTA_PLATELETAPP_PATHWAY",1279,518,46,14,1,0.0714285714285714,0.4027800180111,1,"SERPINE1","","","","","","","","","","","","","","","","","","","","","","","","","","","","","","","","","","","","","","","","","","","","",""
"BIOCARTA_PS1_PATHWAY","http://www.broadinstitute.org/gsea/msigdb/cards/BIOCARTA_PS1_PATHWAY",1279,518,46,14,0,0,1,1,"","","","","","","","","","","","","","","","","","","","","","","","","","","","","","","","","","","","","","","","","","","","","",""
"BIOCARTA_PROTEASOME_PATHWAY","http://www.broadinstitute.org/gsea/msigdb/cards/BIOCARTA_PROTEASOME_PATHWAY",1279,518,46,28,0,0,1,1,"","","","","","","","","","","","","","","","","","","","","","","","","","","","","","","","","","","","","","","","","","","","","",""
"BIOCARTA_AKAPCENTROSOME_PATHWAY","http://www.broadinstitute.org/gsea/msigdb/cards/BIOCARTA_AKAPCENTROSOME_PATHWAY",1279,518,46,15,0,0,1,1,"","","","","","","","","","","","","","","","","","","","","","","","","","","","","","","","","","","","","","","","","","","","","",""
"BIOCARTA_PTEN_PATHWAY","http://www.broadinstitute.org/gsea/msigdb/cards/BIOCARTA_PTEN_PATHWAY",1279,518,46,18,0,0,1,1,"","","","","","","","","","","","","","","","","","","","","","","","","","","","","","","","","","","","","","","","","","","","","",""
"BIOCARTA_RAB_PATHWAY","http://www.broadinstitute.org/gsea/msigdb/cards/BIOCARTA_RAB_PATHWAY",1279,518,46,12,0,0,1,1,"","","","","","","","","","","","","","","","","","","","","","","","","","","","","","","","","","","","","","","","","","","","","",""
"BIOCARTA_RAC1_PATHWAY","http://www.broadinstitute.org/gsea/msigdb/cards/BIOCARTA_RAC1_PATHWAY",1279,518,46,23,0,0,1,1,"","","","","","","","","","","","","","","","","","","","","","","","","","","","","","","","","","","","","","","","","","","","","",""
"BIOCARTA_RAS_PATHWAY","http://www.broadinstitute.org/gsea/msigdb/cards/BIOCARTA_RAS_PATHWAY",1279,518,46,23,0,0,1,1,"","","","","","","","","","","","","","","","","","","","","","","","","","","","","","","","","","","","","","","","","","","","","",""
"BIOCARTA_NKCELLS_PATHWAY","http://www.broadinstitute.org/gsea/msigdb/cards/BIOCARTA_NKCELLS_PATHWAY",1279,518,46,20,2,0.1,0.15977764240101,1,"KLRC3","KLRC2","","","","","","","","","","","","","","","","","","","","","","","","","","","","","","","","","","","","","","","","","","","",""
"BIOCARTA_RB_PATHWAY","http://www.broadinstitute.org/gsea/msigdb/cards/BIOCARTA_RB_PATHWAY",1279,518,46,13,1,0.0769230769230769,0.380261887542666,1,"CDK4","","","","","","","","","","","","","","","","","","","","","","","","","","","","","","","","","","","","","","","","","","","","",""
"BIOCARTA_CHREBP2_PATHWAY","http://www.broadinstitute.org/gsea/msigdb/cards/BIOCARTA_CHREBP2_PATHWAY",1279,518,46,42,1,0.0238095238095238,0.790717588765681,1,"PPP2R2C","","","","","","","","","","","","","","","","","","","","","","","","","","","","","","","","","","","","","","","","","","","","",""
"BIOCARTA_BAD_PATHWAY","http://www.broadinstitute.org/gsea/msigdb/cards/BIOCARTA_BAD_PATHWAY",1279,518,46,26,0,0,1,1,"","","","","","","","","","","","","","","","","","","","","","","","","","","","","","","","","","","","","","","","","","","","","",""
"BIOCARTA_CK1_PATHWAY","http://www.broadinstitute.org/gsea/msigdb/cards/BIOCARTA_CK1_PATHWAY",1279,518,46,17,2,0.117647058823529,0.12227762802065,1,"PLCB1","GRM1","","","","","","","","","","","","","","","","","","","","","","","","","","","","","","","","","","","","","","","","","","","",""
"BIOCARTA_EIF2_PATHWAY","http://www.broadinstitute.org/gsea/msigdb/cards/BIOCARTA_EIF2_PATHWAY",1279,518,46,11,0,0,1,1,"","","","","","","","","","","","","","","","","","","","","","","","","","","","","","","","","","","","","","","","","","","","","",""
"BIOCARTA_EIF4_PATHWAY","http://www.broadinstitute.org/gsea/msigdb/cards/BIOCARTA_EIF4_PATHWAY",1279,518,46,24,1,0.0416666666666667,0.588205870499495,1,"PRKCB","","","","","","","","","","","","","","","","","","","","","","","","","","","","","","","","","","","","","","","","","","","","",""
"BIOCARTA_STEM_PATHWAY","http://www.broadinstitute.org/gsea/msigdb/cards/BIOCARTA_STEM_PATHWAY",1279,518,46,15,1,0.0666666666666667,0.424497108265242,1,"IL8","","","","","","","","","","","","","","","","","","","","","","","","","","","","","","","","","","","","","","","","","","","","",""
"BIOCARTA_P27_PATHWAY","http://www.broadinstitute.org/gsea/msigdb/cards/BIOCARTA_P27_PATHWAY",1279,518,46,13,0,0,1,1,"","","","","","","","","","","","","","","","","","","","","","","","","","","","","","","","","","","","","","","","","","","","","",""
"BIOCARTA_PGC1A_PATHWAY","http://www.broadinstitute.org/gsea/msigdb/cards/BIOCARTA_PGC1A_PATHWAY",1279,518,46,26,2,0.0769230769230769,0.239499239044503,1,"CAMK4","CAMK2A","","","","","","","","","","","","","","","","","","","","","","","","","","","","","","","","","","","","","","","","","","","",""
"BIOCARTA_PML_PATHWAY","http://www.broadinstitute.org/gsea/msigdb/cards/BIOCARTA_PML_PATHWAY",1279,518,46,17,0,0,1,1,"","","","","","","","","","","","","","","","","","","","","","","","","","","","","","","","","","","","","","","","","","","","","",""
"BIOCARTA_DREAM_PATHWAY","http://www.broadinstitute.org/gsea/msigdb/cards/BIOCARTA_DREAM_PATHWAY",1279,518,46,14,1,0.0714285714285714,0.4027800180111,1,"KCNIP3","","","","","","","","","","","","","","","","","","","","","","","","","","","","","","","","","","","","","","","","","","","","",""
"BIOCARTA_LEPTIN_PATHWAY","http://www.broadinstitute.org/gsea/msigdb/cards/BIOCARTA_LEPTIN_PATHWAY",1279,518,46,11,0,0,1,1,"","","","","","","","","","","","","","","","","","","","","","","","","","","","","","","","","","","","","","","","","","","","","",""
"BIOCARTA_RHO_PATHWAY","http://www.broadinstitute.org/gsea/msigdb/cards/BIOCARTA_RHO_PATHWAY",1279,518,46,32,1,0.03125,0.694809799631291,1,"OPHN1","","","","","","","","","","","","","","","","","","","","","","","","","","","","","","","","","","","","","","","","","","","","",""
"BIOCARTA_AKAP13_PATHWAY","http://www.broadinstitute.org/gsea/msigdb/cards/BIOCARTA_AKAP13_PATHWAY",1279,518,46,12,0,0,1,1,"","","","","","","","","","","","","","","","","","","","","","","","","","","","","","","","","","","","","","","","","","","","","",""
"BIOCARTA_ATRBRCA_PATHWAY","http://www.broadinstitute.org/gsea/msigdb/cards/BIOCARTA_ATRBRCA_PATHWAY",1279,518,46,21,0,0,1,1,"","","","","","","","","","","","","","","","","","","","","","","","","","","","","","","","","","","","","","","","","","","","","",""
"BIOCARTA_CARDIACEGF_PATHWAY","http://www.broadinstitute.org/gsea/msigdb/cards/BIOCARTA_CARDIACEGF_PATHWAY",1279,518,46,18,2,0.111111111111111,0.134521091380679,1,"PRKCB","ADAM12","","","","","","","","","","","","","","","","","","","","","","","","","","","","","","","","","","","","","","","","","","","",""
"BIOCARTA_HER2_PATHWAY","http://www.broadinstitute.org/gsea/msigdb/cards/BIOCARTA_HER2_PATHWAY",1279,518,46,22,1,0.0454545454545455,0.556314174268679,1,"ERBB4","","","","","","","","","","","","","","","","","","","","","","","","","","","","","","","","","","","","","","","","","","","","",""
"BIOCARTA_ERK5_PATHWAY","http://www.broadinstitute.org/gsea/msigdb/cards/BIOCARTA_ERK5_PATHWAY",1279,518,46,18,0,0,1,1,"","","","","","","","","","","","","","","","","","","","","","","","","","","","","","","","","","","","","","","","","","","","","",""
"BIOCARTA_MAL_PATHWAY","http://www.broadinstitute.org/gsea/msigdb/cards/BIOCARTA_MAL_PATHWAY",1279,518,46,19,0,0,1,1,"","","","","","","","","","","","","","","","","","","","","","","","","","","","","","","","","","","","","","","","","","","","","",""
"BIOCARTA_MEF2D_PATHWAY","http://www.broadinstitute.org/gsea/msigdb/cards/BIOCARTA_MEF2D_PATHWAY",1279,518,46,23,1,0.0434782608695652,0.572550887063938,1,"PRKCB","","","","","","","","","","","","","","","","","","","","","","","","","","","","","","","","","","","","","","","","","","","","",""
"BIOCARTA_MITOCHONDRIA_PATHWAY","http://www.broadinstitute.org/gsea/msigdb/cards/BIOCARTA_MITOCHONDRIA_PATHWAY",1279,518,46,21,0,0,1,1,"","","","","","","","","","","","","","","","","","","","","","","","","","","","","","","","","","","","","","","","","","","","","",""
"BIOCARTA_ACH_PATHWAY","http://www.broadinstitute.org/gsea/msigdb/cards/BIOCARTA_ACH_PATHWAY",1279,518,46,16,0,0,1,1,"","","","","","","","","","","","","","","","","","","","","","","","","","","","","","","","","","","","","","","","","","","","","",""
"BIOCARTA_PARKIN_PATHWAY","http://www.broadinstitute.org/gsea/msigdb/cards/BIOCARTA_PARKIN_PATHWAY",1279,518,46,13,0,0,1,1,"","","","","","","","","","","","","","","","","","","","","","","","","","","","","","","","","","","","","","","","","","","","","",""
"BIOCARTA_CDC42RAC_PATHWAY","http://www.broadinstitute.org/gsea/msigdb/cards/BIOCARTA_CDC42RAC_PATHWAY",1279,518,46,16,0,0,1,1,"","","","","","","","","","","","","","","","","","","","","","","","","","","","","","","","","","","","","","","","","","","","","",""
"BIOCARTA_RANMS_PATHWAY","http://www.broadinstitute.org/gsea/msigdb/cards/BIOCARTA_RANMS_PATHWAY",1279,518,46,10,0,0,1,1,"","","","","","","","","","","","","","","","","","","","","","","","","","","","","","","","","","","","","","","","","","","","","",""
"BIOCARTA_BARR_MAPK_PATHWAY","http://www.broadinstitute.org/gsea/msigdb/cards/BIOCARTA_BARR_MAPK_PATHWAY",1279,518,46,12,1,0.0833333333333333,0.356913850545911,1,"PLCB1","","","","","","","","","","","","","","","","","","","","","","","","","","","","","","","","","","","","","","","","","","","","",""
"BIOCARTA_TOB1_PATHWAY","http://www.broadinstitute.org/gsea/msigdb/cards/BIOCARTA_TOB1_PATHWAY",1279,518,46,21,0,0,1,1,"","","","","","","","","","","","","","","","","","","","","","","","","","","","","","","","","","","","","","","","","","","","","",""
"BIOCARTA_BARRESTIN_SRC_PATHWAY","http://www.broadinstitute.org/gsea/msigdb/cards/BIOCARTA_BARRESTIN_SRC_PATHWAY",1279,518,46,15,1,0.0666666666666667,0.424497108265242,1,"PLCB1","","","","","","","","","","","","","","","","","","","","","","","","","","","","","","","","","","","","","","","","","","","","",""
"BIOCARTA_NKT_PATHWAY","http://www.broadinstitute.org/gsea/msigdb/cards/BIOCARTA_NKT_PATHWAY",1279,518,46,29,0,0,1,1,"","","","","","","","","","","","","","","","","","","","","","","","","","","","","","","","","","","","","","","","","","","","","",""
"BIOCARTA_IL1R_PATHWAY","http://www.broadinstitute.org/gsea/msigdb/cards/BIOCARTA_IL1R_PATHWAY",1279,518,46,33,0,0,1,1,"","","","","","","","","","","","","","","","","","","","","","","","","","","","","","","","","","","","","","","","","","","","","",""
"BIOCARTA_MET_PATHWAY","http://www.broadinstitute.org/gsea/msigdb/cards/BIOCARTA_MET_PATHWAY",1279,518,46,37,0,0,1,1,"","","","","","","","","","","","","","","","","","","","","","","","","","","","","","","","","","","","","","","","","","","","","",""
"BIOCARTA_GPCR_PATHWAY","http://www.broadinstitute.org/gsea/msigdb/cards/BIOCARTA_GPCR_PATHWAY",1279,518,46,37,1,0.027027027027027,0.747175222838898,1,"PRKCB","","","","","","","","","","","","","","","","","","","","","","","","","","","","","","","","","","","","","","","","","","","","",""
"BIOCARTA_IGF1MTOR_PATHWAY","http://www.broadinstitute.org/gsea/msigdb/cards/BIOCARTA_IGF1MTOR_PATHWAY",1279,518,46,20,0,0,1,1,"","","","","","","","","","","","","","","","","","","","","","","","","","","","","","","","","","","","","","","","","","","","","",""
"BIOCARTA_SODD_PATHWAY","http://www.broadinstitute.org/gsea/msigdb/cards/BIOCARTA_SODD_PATHWAY",1279,518,46,10,0,0,1,1,"","","","","","","","","","","","","","","","","","","","","","","","","","","","","","","","","","","","","","","","","","","","","",""
"BIOCARTA_SHH_PATHWAY","http://www.broadinstitute.org/gsea/msigdb/cards/BIOCARTA_SHH_PATHWAY",1279,518,46,16,0,0,1,1,"","","","","","","","","","","","","","","","","","","","","","","","","","","","","","","","","","","","","","","","","","","","","",""
"BIOCARTA_PTC1_PATHWAY","http://www.broadinstitute.org/gsea/msigdb/cards/BIOCARTA_PTC1_PATHWAY",1279,518,46,11,0,0,1,1,"","","","","","","","","","","","","","","","","","","","","","","","","","","","","","","","","","","","","","","","","","","","","",""
"BIOCARTA_SPRY_PATHWAY","http://www.broadinstitute.org/gsea/msigdb/cards/BIOCARTA_SPRY_PATHWAY",1279,518,46,18,0,0,1,1,"","","","","","","","","","","","","","","","","","","","","","","","","","","","","","","","","","","","","","","","","","","","","",""
"BIOCARTA_BARRESTIN_PATHWAY","http://www.broadinstitute.org/gsea/msigdb/cards/BIOCARTA_BARRESTIN_PATHWAY",1279,518,46,10,1,0.1,0.307607478058048,1,"PLCB1","","","","","","","","","","","","","","","","","","","","","","","","","","","","","","","","","","","","","","","","","","","","",""
"BIOCARTA_STATHMIN_PATHWAY","http://www.broadinstitute.org/gsea/msigdb/cards/BIOCARTA_STATHMIN_PATHWAY",1279,518,46,19,2,0.105263157894737,0.147032417982573,1,"CAMK4","CAMK2A","","","","","","","","","","","","","","","","","","","","","","","","","","","","","","","","","","","","","","","","","","","",""
"BIOCARTA_HSP27_PATHWAY","http://www.broadinstitute.org/gsea/msigdb/cards/BIOCARTA_HSP27_PATHWAY",1279,518,46,15,0,0,1,1,"","","","","","","","","","","","","","","","","","","","","","","","","","","","","","","","","","","","","","","","","","","","","",""
"BIOCARTA_TCR_PATHWAY","http://www.broadinstitute.org/gsea/msigdb/cards/BIOCARTA_TCR_PATHWAY",1279,518,46,49,1,0.0204081632653061,0.839586327439112,1,"PRKCB","","","","","","","","","","","","","","","","","","","","","","","","","","","","","","","","","","","","","","","","","","","","",""
"BIOCARTA_TCYTOTOXIC_PATHWAY","http://www.broadinstitute.org/gsea/msigdb/cards/BIOCARTA_TCYTOTOXIC_PATHWAY",1279,518,46,14,0,0,1,1,"","","","","","","","","","","","","","","","","","","","","","","","","","","","","","","","","","","","","","","","","","","","","",""
"BIOCARTA_THELPER_PATHWAY","http://www.broadinstitute.org/gsea/msigdb/cards/BIOCARTA_THELPER_PATHWAY",1279,518,46,14,0,0,1,1,"","","","","","","","","","","","","","","","","","","","","","","","","","","","","","","","","","","","","","","","","","","","","",""
"BIOCARTA_TALL1_PATHWAY","http://www.broadinstitute.org/gsea/msigdb/cards/BIOCARTA_TALL1_PATHWAY",1279,518,46,15,0,0,1,1,"","","","","","","","","","","","","","","","","","","","","","","","","","","","","","","","","","","","","","","","","","","","","",""
"BIOCARTA_TEL_PATHWAY","http://www.broadinstitute.org/gsea/msigdb/cards/BIOCARTA_TEL_PATHWAY",1279,518,46,18,0,0,1,1,"","","","","","","","","","","","","","","","","","","","","","","","","","","","","","","","","","","","","","","","","","","","","",""
"BIOCARTA_TGFB_PATHWAY","http://www.broadinstitute.org/gsea/msigdb/cards/BIOCARTA_TGFB_PATHWAY",1279,518,46,19,0,0,1,1,"","","","","","","","","","","","","","","","","","","","","","","","","","","","","","","","","","","","","","","","","","","","","",""
"BIOCARTA_TH1TH2_PATHWAY","http://www.broadinstitute.org/gsea/msigdb/cards/BIOCARTA_TH1TH2_PATHWAY",1279,518,46,19,0,0,1,1,"","","","","","","","","","","","","","","","","","","","","","","","","","","","","","","","","","","","","","","","","","","","","",""
"BIOCARTA_41BB_PATHWAY","http://www.broadinstitute.org/gsea/msigdb/cards/BIOCARTA_41BB_PATHWAY",1279,518,46,17,0,0,1,1,"","","","","","","","","","","","","","","","","","","","","","","","","","","","","","","","","","","","","","","","","","","","","",""
"BIOCARTA_KREB_PATHWAY","http://www.broadinstitute.org/gsea/msigdb/cards/BIOCARTA_KREB_PATHWAY",1279,518,46,8,0,0,1,1,"","","","","","","","","","","","","","","","","","","","","","","","","","","","","","","","","","","","","","","","","","","","","",""
"BIOCARTA_CTLA4_PATHWAY","http://www.broadinstitute.org/gsea/msigdb/cards/BIOCARTA_CTLA4_PATHWAY",1279,518,46,21,0,0,1,1,"","","","","","","","","","","","","","","","","","","","","","","","","","","","","","","","","","","","","","","","","","","","","",""
"BIOCARTA_LONGEVITY_PATHWAY","http://www.broadinstitute.org/gsea/msigdb/cards/BIOCARTA_LONGEVITY_PATHWAY",1279,518,46,15,0,0,1,1,"","","","","","","","","","","","","","","","","","","","","","","","","","","","","","","","","","","","","","","","","","","","","",""
"BIOCARTA_SARS_PATHWAY","http://www.broadinstitute.org/gsea/msigdb/cards/BIOCARTA_SARS_PATHWAY",1279,518,46,10,0,0,1,1,"","","","","","","","","","","","","","","","","","","","","","","","","","","","","","","","","","","","","","","","","","","","","",""
"BIOCARTA_PAR1_PATHWAY","http://www.broadinstitute.org/gsea/msigdb/cards/BIOCARTA_PAR1_PATHWAY",1279,518,46,37,2,0.0540540540540541,0.387686692573071,1,"PLCB1","PRKCB","","","","","","","","","","","","","","","","","","","","","","","","","","","","","","","","","","","","","","","","","","","",""
"BIOCARTA_STRESS_PATHWAY","http://www.broadinstitute.org/gsea/msigdb/cards/BIOCARTA_STRESS_PATHWAY",1279,518,46,25,0,0,1,1,"","","","","","","","","","","","","","","","","","","","","","","","","","","","","","","","","","","","","","","","","","","","","",""
"BIOCARTA_TNFR1_PATHWAY","http://www.broadinstitute.org/gsea/msigdb/cards/BIOCARTA_TNFR1_PATHWAY",1279,518,46,29,0,0,1,1,"","","","","","","","","","","","","","","","","","","","","","","","","","","","","","","","","","","","","","","","","","","","","",""
"BIOCARTA_TNFR2_PATHWAY","http://www.broadinstitute.org/gsea/msigdb/cards/BIOCARTA_TNFR2_PATHWAY",1279,518,46,18,0,0,1,1,"","","","","","","","","","","","","","","","","","","","","","","","","","","","","","","","","","","","","","","","","","","","","",""
"BIOCARTA_TOLL_PATHWAY","http://www.broadinstitute.org/gsea/msigdb/cards/BIOCARTA_TOLL_PATHWAY",1279,518,46,37,0,0,1,1,"","","","","","","","","","","","","","","","","","","","","","","","","","","","","","","","","","","","","","","","","","","","","",""
"BIOCARTA_TPO_PATHWAY","http://www.broadinstitute.org/gsea/msigdb/cards/BIOCARTA_TPO_PATHWAY",1279,518,46,24,1,0.0416666666666667,0.588205870499495,1,"PRKCB","","","","","","","","","","","","","","","","","","","","","","","","","","","","","","","","","","","","","","","","","","","","",""
"BIOCARTA_CREB_PATHWAY","http://www.broadinstitute.org/gsea/msigdb/cards/BIOCARTA_CREB_PATHWAY",1279,518,46,27,2,0.0740740740740741,0.253087310187778,1,"PRKCB","CAMK2A","","","","","","","","","","","","","","","","","","","","","","","","","","","","","","","","","","","","","","","","","","","",""
"BIOCARTA_CARM1_PATHWAY","http://www.broadinstitute.org/gsea/msigdb/cards/BIOCARTA_CARM1_PATHWAY",1279,518,46,13,0,0,1,1,"","","","","","","","","","","","","","","","","","","","","","","","","","","","","","","","","","","","","","","","","","","","","",""
"BIOCARTA_TFF_PATHWAY","http://www.broadinstitute.org/gsea/msigdb/cards/BIOCARTA_TFF_PATHWAY",1279,518,46,21,0,0,1,1,"","","","","","","","","","","","","","","","","","","","","","","","","","","","","","","","","","","","","","","","","","","","","",""
"BIOCARTA_TRKA_PATHWAY","http://www.broadinstitute.org/gsea/msigdb/cards/BIOCARTA_TRKA_PATHWAY",1279,518,46,12,1,0.0833333333333333,0.356913850545911,1,"PRKCB","","","","","","","","","","","","","","","","","","","","","","","","","","","","","","","","","","","","","","","","","","","","",""
"BIOCARTA_ARF_PATHWAY","http://www.broadinstitute.org/gsea/msigdb/cards/BIOCARTA_ARF_PATHWAY",1279,518,46,17,0,0,1,1,"","","","","","","","","","","","","","","","","","","","","","","","","","","","","","","","","","","","","","","","","","","","","",""
"BIOCARTA_UCALPAIN_PATHWAY","http://www.broadinstitute.org/gsea/msigdb/cards/BIOCARTA_UCALPAIN_PATHWAY",1279,518,46,18,0,0,1,1,"","","","","","","","","","","","","","","","","","","","","","","","","","","","","","","","","","","","","","","","","","","","","",""
"BIOCARTA_VEGF_PATHWAY","http://www.broadinstitute.org/gsea/msigdb/cards/BIOCARTA_VEGF_PATHWAY",1279,518,46,29,2,0.0689655172413793,0.280324541574659,1,"PRKCB","VEGFA","","","","","","","","","","","","","","","","","","","","","","","","","","","","","","","","","","","","","","","","","","","",""
"BIOCARTA_VITCB_PATHWAY","http://www.broadinstitute.org/gsea/msigdb/cards/BIOCARTA_VITCB_PATHWAY",1279,518,46,11,0,0,1,1,"","","","","","","","","","","","","","","","","","","","","","","","","","","","","","","","","","","","","","","","","","","","","",""
"BIOCARTA_WNT_PATHWAY","http://www.broadinstitute.org/gsea/msigdb/cards/BIOCARTA_WNT_PATHWAY",1279,518,46,26,0,0,1,1,"","","","","","","","","","","","","","","","","","","","","","","","","","","","","","","","","","","","","","","","","","","","","",""
"BIOCARTA_ACTINY_PATHWAY","http://www.broadinstitute.org/gsea/msigdb/cards/BIOCARTA_ACTINY_PATHWAY",1279,518,46,20,0,0,1,1,"","","","","","","","","","","","","","","","","","","","","","","","","","","","","","","","","","","","","","","","","","","","","",""
